,Unnamed: 0,Unnamed: 0.1,Unnamed: 0.1.1,Unnamed: 0.1.1.1,ID,Title,Type,Number of Scanlation group,Awarded,Japanese publihsers,Oneshot,Scan start day,Scan latest day,Digitally published first by publisher,Simulus translate,Publish status,Completely scanlated,Artist,Publish year,Licensed,name of English publisher,English publishing status,Anime,Rating,Vote number,Action,Adult,Adventure,Comedy,Doujinshi,Drama,Ecchi,Fantasy,Gender Bender,Harem,Hentai,Historical,Horror,Josei,Lolicon,Martial Arts,Mature,Mecha,Mystery,Psychological,Romance,School Life,Sci-fi,Seinen,Shotacon,Shoujo,Shoujo Ai,Shounen,Shounen Ai,Slice of Life,Smut,Sports,Supernatural,Tragedy,Yaoi,Yuri,Year published in English
0,17,17,17,0.0,1702,07-Ghost,Manga,11,True,Ichijinsha,False,05/25/08,05/07/16,False,False,Complete,Yes,ICHIHARA Yukino,2005.0,Yes,"Go! Comi, Viz","Defunct / 3 Vols, 17 Vols - Complete",True,8.3,932,1,0,1,1,0,1,0,1,0,0,0,0,0,1,0,0,0,0,1,0,0,0,0,0,0,0,0,0,0,0,0,0,1,0,0,0,2012
1,49,0,0,,66093,14-sai no Koi,Manga,3,False,Hakusensha,False,05/21/13,09/25/18,False,False,Ongoing,No,MIZUTANI Fuka,2010.0,Yes,Yen Press,9 Vols - Ongoing,False,8.5,521,0,0,0,1,0,1,0,0,0,0,0,0,0,1,0,0,0,0,0,0,1,1,0,0,0,0,0,0,0,0,0,0,0,0,0,0,2014
2,475,2,0,,123796,Akazukin-chan wa Ookami-san o Nakasetai!,Manga,0,False,Ichijinsha,False,Pass,Pass,False,False,Complete,No,HACHIJOU Shin,2015,Yes,Seven Seas,2 Volumes - Complete,False,8.7,3,0,0,0,1,0,0,0,0,0,0,0,0,0,1,0,0,0,0,0,0,1,0,0,0,0,0,0,0,0,0,0,0,0,0,0,0,2017
3,745,22,0,,43245,Are You Alice?,Manga,7,False,Ichijinsha,False,12/02/12,07/14/20,False,False,Complete,No,KATAGIRI Ikumi,2009,Yes,Yen Press,12 Vols - Complete,False,7.9,229,1,0,1,0,0,1,0,1,0,0,0,0,0,1,0,0,0,0,1,1,0,0,0,0,0,0,0,0,0,0,0,0,0,0,0,0,2013
4,814,16,0,,139565,Atashi no Pink ga Afurechau,Manga,0,False,Kodansha,False,Pass,Pass,False,False,Ongoing,No,MONOU Yuki,2017,Yes,Kodansha USA,4 Vols - Ongoing; digital,False,8.9,5,0,0,0,1,0,0,0,0,0,0,0,0,0,1,0,0,0,0,0,0,1,0,0,0,0,0,0,0,0,0,0,0,0,0,0,0,2019
5,877,9,0,,117029,Bad End Night - Insane Party,Manga,0,False,Ichijinsha,False,Pass,Pass,False,False,Complete,No,NOZAKI Tsubata,2014,Yes,Seven Seas,3 Vols - Complete,False,8.2,3,0,0,0,0,0,1,0,0,0,0,0,0,1,1,0,0,0,0,1,0,0,0,0,0,0,0,0,0,0,0,0,0,1,0,0,0,2017
6,891,23,0,,141298,Bakemono no Yawazukushi,Manga,0,False,Media Factory,False,Pass,Pass,False,False,Ongoing,No,Matsuri,2016,Yes,Yen Press,4 Vols - Ongoing,False,8,1,0,0,0,0,0,1,0,0,0,0,0,0,1,1,0,0,0,0,1,0,0,0,0,0,0,0,0,0,0,0,0,0,1,0,0,0,2019
7,956,13,0,,113377,Bato Rabbits,Manga,1,False,Ichijinsha,False,12/28/14,10/31/16,False,False,Complete,No,ICHIHARA Yukino,2014,Yes,Seven Seas,4 Vols - Complete; digital & print,False,7.5,25,1,0,0,0,0,1,0,1,0,0,0,0,0,1,0,0,0,0,0,0,0,1,0,0,0,0,0,0,0,0,0,0,0,0,0,0,2016
8,1289,21,0,,140595,Buchou no Nyanko,Manga,0,False,Kodansha,False,Pass,Pass,False,False,Complete,No,HISAWA Yumi,2017.0,Yes,Kodansha USA,5 Vols - Ongoing; digital,False,7.4,8,0,0,0,0,0,0,0,0,0,0,0,0,0,1,0,0,0,0,0,0,1,0,0,0,0,0,0,0,0,0,1,0,0,0,0,0,2019
9,1439,21,0,,28805,Chihayafuru,Manga,11,True,Kodansha,False,12/24/11,08/06/20,False,False,Ongoing,No,SUETSUGU Yuki,2007,Yes,Kodansha USA,20 Vols - Ongoing; digital,True,8.7,563,0,0,0,0,0,1,0,0,0,0,0,0,0,1,0,0,0,0,0,0,1,1,0,0,0,0,0,0,0,1,0,1,0,0,0,0,2017
10,1490,22,0,,6100,Chou yo Hana yo,Manga,5,False,Shogakukan,False,02/01/07,02/16/19,False,False,Complete,Yes,YOSHIHARA Yuki,2006.0,Yes,Viz,8 Vols - Complete,False,7.8,506,0,0,0,1,0,0,0,0,0,0,0,0,0,1,0,0,0,0,0,0,1,0,0,0,0,0,0,0,0,0,1,0,0,0,0,0,2009
11,1556,13,0,,95787,Clay Lord,Manga,1,False,Ichijinsha,False,04/27/13,03/16/14,False,False,Complete,No,SUZUMOTO Jun,2013,Yes,Seven Seas,3 Vols - Complete,False,8.3,35,1,0,0,1,0,0,0,1,0,0,0,0,0,1,0,0,0,0,0,0,0,0,0,0,0,0,0,0,0,0,0,0,0,0,0,0,2015
12,1568,0,0,,3129,Clover (Clamp),Manga,2,False,Kodansha,False,07/16/07,02/19/08,False,False,Complete,Yes,"APAPA Mokona, CLAMP",1997.0,Yes,"Dark Horse, Kodansha USA, TokyoPop","Expired / 1 Vol - Complete, 1 Collector's edition - Complete, Expired / 4 Vols - Complete",False,7.8,271,0,0,0,0,0,1,0,0,0,0,0,0,0,1,0,0,0,0,0,1,1,0,1,0,0,0,0,0,0,0,0,0,1,1,0,0,2020
13,1570,2,0,,47302,Clover no Kuni no Alice - Bloody Twins,Manga,1,False,Ichijinsha,False,06/25/11,07/22/11,False,False,Complete,Yes,FUJIMARU Mamenosuke,2009.0,Yes,Seven Seas,1 Volume - Complete,False,8,44,0,0,0,1,0,0,0,1,0,1,0,0,0,1,0,0,0,0,0,0,1,0,0,0,0,0,0,0,0,0,0,0,0,0,0,0,2014
14,1571,3,0,,68953,Clover no Kuni no Alice - Cheshire Neko to Waltz,Manga,0,False,Ichijinsha,False,Pass,Pass,False,False,Complete,Yes,FUJIMARU Mamenosuke,2009.0,Yes,Seven Seas,7 Volumes - Complete,False,8.1,29,1,0,0,0,0,1,0,1,0,1,0,0,0,1,0,0,0,0,0,0,1,0,0,0,0,0,0,0,0,0,1,0,0,0,0,0,2012
15,1573,5,0,,68954,Clover no Kuni no Alice - Heart no Kishi,Manga,3,False,Ichijinsha,False,01/15/12,06/17/13,False,False,Complete,Yes,FUJIMARU Mamenosuke,2009.0,Yes,Seven Seas,1 Volume - Complete,False,7.1,44,0,0,0,1,0,0,0,1,0,0,0,0,0,1,0,0,0,0,0,0,1,0,0,0,0,0,0,0,0,0,0,0,0,0,0,0,2013
16,1575,7,0,,67788,Clover no Kuni no Alice - Kuroi Tokage to Nigai Aji,Manga,1,False,Ichijinsha,False,08/01/12,04/01/15,False,False,Complete,Yes,MINAMOTO Ichimi,2011.0,Yes,Seven Seas,,False,8.1,18,1,0,0,1,0,0,0,1,0,0,0,0,0,1,0,0,0,0,0,0,1,0,0,0,0,0,0,0,0,0,0,0,0,0,0,0,2016
17,1578,10,0,,75149,Clover no Kuni no Alice - Sangatsu Usagi no Kakumei,Manga,1,False,Ichijinsha,False,06/11/13,06/11/13,False,False,Complete,Yes,KAZUKI Ryou,2012.0,Yes,Seven Seas,1 Volume - Complete,False,6.6,18,0,0,0,0,0,0,0,0,0,0,0,0,0,1,0,0,0,0,0,0,1,0,0,0,0,0,0,0,0,0,0,0,0,0,0,0,2015
18,1579,11,0,,55391,Clover no Kuni no Alice - Shiro Usagi to Tokeijikake no Wana,Manga,0,False,Ichijinsha,False,Pass,Pass,False,False,Complete,No,KIZAKI Nayu,2010.0,Yes,Seven Seas,,False,6,6,0,0,0,0,0,0,0,0,0,1,0,0,0,1,0,0,0,0,0,0,1,0,0,0,0,0,0,0,0,0,0,0,0,0,0,0,2019
19,1650,7,0,,39115,Crimson Empire - Circumstances to Serve a Noble,Manga,4,False,Ichijinsha,False,11/15/09,06/09/12,False,False,Complete,No,FUTABA Hazuki,2008.0,Yes,Seven Seas,3 Volumes - Complete,False,7.7,143,0,0,1,0,0,1,0,1,0,1,0,0,0,1,0,0,0,0,0,0,1,0,0,0,0,0,0,0,0,0,0,0,0,0,0,0,2013
20,2180,18,0,,73646,Elhanburg no Tenshi,Manga,1,False,Shodensha,False,10/02/13,01/01/15,False,False,Complete,Yes,Aki (あき),2010,Yes,Yen Press,1 Vol - Complete,False,7.6,73,0,0,0,0,0,1,0,1,0,0,0,1,0,1,0,0,0,0,0,1,0,0,0,0,0,0,0,0,0,0,0,0,0,0,0,0,2015
21,2325,21,0,,146143,Fate/Grand Order -mortalis:stella-,Manga,0,False,Ichijinsha,False,Pass,Pass,False,False,Ongoing,No,Shiramine,2017.0,Yes,Kodansha Comics,1 Vols - Ongoing,False,8,1,1,0,1,0,0,0,0,1,0,0,0,0,0,1,0,0,0,0,0,0,0,0,0,0,0,0,0,0,0,0,0,0,1,0,0,0,2019
22,2416,19,0,,115938,Frau Faust,Manga,3,False,Kodansha,False,06/13/16,09/14/16,False,False,Complete,Yes,YAMAZAKI Kore,2014,Yes,Kodansha Comics,5 Volumes - Complete,False,8,24,0,0,1,0,0,1,0,0,0,0,0,0,0,1,0,0,0,0,0,0,1,0,0,0,0,0,0,0,0,0,0,0,1,0,0,0,2017
23,2433,11,0,,122178,Fudanshi Koukou Seikatsu,Manga,1,False,Ichijinsha,False,10/17/15,08/06/16,False,False,Complete,No,MICHINOKU Atami,2015.0,Yes,Seven Seas,5 Vols - Complete,True,8.1,69,0,0,0,1,0,0,0,0,0,0,0,0,0,1,0,0,0,0,0,0,0,1,0,0,0,0,0,0,0,0,0,0,0,0,0,0,2017
24,2518,21,0,,142521,Fushigi Yuugi: Byakko Senki,Manga,2,False,Shogakukan,False,09/07/17,05/22/18,False,False,Ongoing,No,WATASE Yuu,2017.0,Yes,Viz,1 Volume - Ongoing,False,8.8,10,1,0,1,1,0,1,0,1,0,0,0,1,0,1,0,1,0,0,1,0,1,0,0,0,0,0,0,0,0,0,0,0,1,1,0,0,2020
25,2633,18,0,,147063,Genderless Danshi ni Ai sarete imasu.,Manga,1,False,Shodensha,False,10/19/18,11/24/19,False,False,Ongoing,No,Tamekou,2018,Yes,Seven Seas,1 Vols - Ongoing,False,7.6,20,0,0,0,0,0,0,0,0,0,0,0,0,0,1,0,0,0,0,0,0,1,0,0,0,0,0,0,0,0,1,0,0,0,0,0,0,2020
26,2687,22,0,,84668,Ginban Kishi,Manga,1,False,Kodansha,False,04/26/15,07/19/16,False,False,Complete,No,OGAWA Yayoi,2012,Yes,Kodansha USA,2 Vols - Ongoing,False,7.3,34,0,0,0,1,0,1,0,0,0,0,0,0,0,1,0,0,0,0,0,0,1,0,0,0,0,0,0,0,0,1,0,1,0,0,0,0,2020
27,2880,23,0,,148904,Guilty - Nakanu Hotaru ga Mi o Kogasu,Manga,0,False,"Beaglee Inc., Kodansha",False,Pass,Pass,False,False,Ongoing,No,OKAUE Ai,2017,Yes,Kodansha Comics,5 Vols - Ongoing; digital,False,8.1,3,0,0,0,0,0,1,0,0,0,0,0,0,0,1,0,0,1,0,0,0,1,0,0,0,0,0,0,0,0,1,0,0,0,0,0,0,2019
28,2935,4,0,,581,Hachimitsu to Clover,Manga,4,True,Shueisha,False,08/07/04,10/20/08,False,False,Complete,Yes,UMINO Chica,2000.0,Yes,Viz,10 Volumes - Complete; Digital,True,8.5,383,0,0,0,1,0,1,0,0,0,0,0,0,0,1,0,0,0,0,0,0,1,1,0,0,0,0,0,0,0,1,0,0,0,0,0,0,2008
29,3119,13,0,,39675,Hapi Mari,Manga,5,False,Shogakukan,False,04/01/11,01/01/13,False,False,Complete,Yes,ENJOUJI Maki,2009,Yes,Viz,10 Volumes - Completed,False,8.3,1508,0,0,0,1,0,1,0,0,0,0,0,0,0,1,0,0,0,0,0,0,1,0,0,0,0,0,0,0,0,0,1,0,0,0,0,0,2013
30,3223,1,0,,71783,Heart no Kuni no Alice - Koisuru Ibara no Meikyuu,Manga,1,False,Ichijinsha,False,06/15/12,03/03/13,False,False,Complete,Yes,KURIHARA Aoi,2011.0,Yes,Seven Seas,1 Volume - Complete,False,8.4,7,0,0,0,0,0,0,0,1,0,1,0,0,0,1,0,0,0,0,0,0,1,0,0,0,0,0,0,0,0,0,0,0,0,0,0,0,2014
31,3324,12,0,,7662,Hikari to Tomo ni...,Manga,0,True,Akita Shoten,False,Pass,Pass,False,False,Ongoing,Yes,TOBE Keiko,2000,Yes,Yen Press,8 Vols - Complete,False,9.2,38,0,0,0,0,0,1,0,0,0,0,0,0,0,1,0,0,0,0,0,1,0,0,0,0,0,0,0,0,0,1,0,0,0,0,0,0,2007
32,3554,17,0,,5752,Hotaru no Hikari,Manga,2,False,Kodansha,False,04/01/12,02/05/18,False,False,Complete,No,HIURA Satoru,2004,Yes,Kodansha USA,14 Vols - Ongoing; digital,False,8,265,0,0,0,1,0,0,0,0,0,0,0,0,0,1,0,0,0,0,0,0,1,0,0,0,0,0,0,0,0,1,0,0,0,0,0,0,2017
33,4097,11,0,,65061,Joker no Kuni no Alice - Circus to Usotsuki Game,Manga,4,False,Ichijinsha,False,07/07/12,11/04/14,False,False,Complete,No,FUJIMARU Mamenosuke,2011,Yes,Seven Seas,7 Volumes - Complete,False,7,7,0,0,0,0,0,1,0,1,0,0,0,0,0,1,0,0,0,0,1,1,1,0,0,0,0,0,0,0,0,0,0,0,0,0,0,0,2013
34,4277,16,0,,104166,Kakafukaka,Manga,2,False,Kodansha,False,08/19/18,09/16/18,False,False,Ongoing,No,ISHIDA Takumi,2013.0,Yes,Kodansha USA,9 Vols - Ongoing; digital,False,9,16,0,0,0,0,0,1,0,0,0,0,0,0,0,1,0,0,1,0,0,0,1,0,0,0,0,0,0,0,0,1,0,0,0,0,0,0,2018
35,4294,9,0,,70575,Kakukaku Shikajika,Manga,1,True,Shueisha,False,11/14/13,04/20/15,False,False,Complete,Yes,HIGASHIMURA Akiko,2011.0,Yes,Seven Seas,5 Vols - Ongoing; print | digital,False,9.2,276,0,0,0,1,0,1,0,0,0,0,0,0,0,1,0,0,0,0,0,0,0,1,0,0,0,0,0,0,0,1,0,0,0,0,0,0,2019
36,4448,13,0,,16211,Karneval,Manga,5,False,Ichijinsha,False,12/10/08,05/31/18,False,False,Ongoing,No,MIKANAGI Touya,2007.0,Yes,Yen Press,10 2-in-1 Omnibus Volumes - Ongoing,True,8.4,391,1,0,0,1,0,1,0,1,0,0,0,0,0,1,0,0,0,0,1,0,0,0,1,0,0,0,0,0,0,0,0,0,1,0,0,0,2015
37,4496,11,0,,4411,Kaze Hikaru,Manga,7,True,Shogakukan,False,09/06/03,02/07/16,False,False,Ongoing,No,WATANABE Taeko,1997,Yes,Viz,27 Vols - Ongoing,False,8.5,258,0,0,0,0,0,1,0,0,1,0,0,1,0,1,0,0,0,0,0,0,1,0,0,0,0,0,0,0,0,1,0,0,0,0,0,0,2005
38,4677,7,0,,596,Kimi wa Pet,Manga,6,True,Kodansha,False,10/02/03,12/11/08,False,False,Complete,Yes,OGAWA Yayoi,2000,Yes,"Kodansha USA, TokyoPop","14 Vols - Complete; digital, Expired / 14 Vols - Complete",False,8.6,1280,0,0,0,1,0,1,0,0,0,0,0,0,0,1,0,0,1,0,0,0,1,0,0,0,0,0,0,0,0,1,0,0,0,0,0,0,2019
39,4970,0,0,,130945,Koi wa Tsuzuku yo doko made mo,Manga,2,False,Shogakukan,False,10/09/16,06/22/20,False,False,Complete,No,ENJOUJI Maki,2016,Yes,Viz,3 Vols - Ongoing,False,7.5,45,0,0,0,1,0,0,0,0,0,0,0,0,0,1,0,0,0,0,0,0,1,0,0,0,0,0,0,0,0,1,0,0,0,0,0,0,2019
40,5215,20,0,,143123,Kuchiutsusu,Manga,0,False,Kodansha,False,Pass,Pass,False,False,Complete,No,AMASAWA Aki,2016,Yes,Kodansha USA,3 Vols - Complete; digital,False,7.8,4,0,0,0,0,0,1,0,0,0,0,0,0,0,1,0,0,0,0,0,0,1,0,0,0,0,0,0,0,0,1,0,0,0,0,0,0,2019
41,5240,20,0,,38146,Kuragehime,Manga,3,True,Kodansha,False,11/09/10,Pass,False,True,Complete,Yes,HIGASHIMURA Akiko,2008,Yes,Kodansha Comics,9 Volumes - Complete,True,8.6,796,0,0,0,1,0,1,0,0,1,0,0,0,0,1,0,0,0,0,0,0,1,0,0,0,0,0,0,0,0,1,0,0,0,0,0,0,2016
42,5340,20,0,,4889,Kyuuso wa Cheese no Yume o Miru,Manga,2,False,Shogakukan,False,10/15/06,10/04/09,False,False,Complete,Yes,MIZUSHIRO Setona,2006.0,Yes,Seven Seas,1 Vol - Complete,False,8.5,996,0,1,0,0,0,1,0,0,0,0,0,0,0,1,0,0,0,0,0,0,1,0,0,0,0,0,0,0,0,1,0,0,0,0,1,0,2019
43,5532,6,0,,18901,Love Song (NISHI Keiko),Manga,0,False,Shogakukan,False,Pass,Pass,False,False,Complete,No,NISHI Keiko,1993,Yes,Viz,,False,7.5,4,0,0,0,0,0,1,0,0,0,0,0,0,0,1,0,0,0,0,0,0,1,0,1,0,0,0,0,0,0,0,0,0,0,0,0,0,1998
44,5543,17,0,,138513,Love-Momi - Torokeru Esute,Manga,0,False,Kodansha,False,Pass,Pass,False,False,Complete,No,SUNAZUKA Toki,2016,Yes,Kodansha USA,4 Vols - Ongoing; digital,False,8.5,2,0,0,0,0,0,0,0,0,0,0,0,0,0,1,0,0,0,0,0,0,1,0,0,0,0,0,0,0,0,0,0,0,0,0,0,0,2019
45,5546,20,0,,1565,Loveless,Manga,4,False,Ichijinsha,False,06/18/06,08/15/18,False,False,Unknown,No,KOUGA Yun,2002,Yes,"Kodansha, Viz","Digital, 13 Vols - Ongoing",True,8.2,684,1,0,0,0,0,1,0,1,0,0,0,0,0,1,0,0,0,0,1,1,1,0,0,0,0,0,0,0,1,0,0,0,1,0,0,0,2020
46,5691,15,0,,70029,Majo no Biyaku,Manga,2,False,Shogakukan,False,11/05/11,04/26/15,False,False,Complete,Yes,OOMI Tomu,2011,Yes,Viz,5 Volumes - Complete,False,8.1,101,0,0,0,0,0,0,0,0,0,0,0,0,0,1,0,0,0,0,0,0,1,0,0,0,0,0,0,0,0,0,1,0,1,0,0,0,2014
47,5707,6,0,,48477,Makai Ouji - Devils and Realist,Manga,6,False,Ichijinsha,False,08/17/12,03/04/18,False,False,Complete,Yes,YUKIHIRO Utako,2009.0,Yes,Seven Seas,15 Volumes - Complete,True,8.3,198,0,0,0,1,0,0,0,1,0,0,0,1,0,1,0,0,0,0,1,0,0,1,0,0,0,0,0,0,0,0,0,0,1,0,0,0,2014
48,5712,11,0,,146789,Make wa Tada no Mahou janai no Beginners,Manga,0,False,Kodansha,False,Pass,Pass,False,False,Complete,Yes,ROTTA Ikumi,2018.0,Yes,Seven Seas,1 Volume - Complete; Digital,False,8,1,0,0,0,0,0,0,0,0,0,0,0,0,0,1,0,0,0,0,0,0,0,0,0,0,0,0,0,0,0,1,0,0,0,0,0,0,2020
49,5880,23,0,,151270,Meiken Keru-chan,Manga,0,False,Kodansha,False,Pass,Pass,False,False,Ongoing,No,Arimura Moha,2018.0,Yes,Kodansha Comics,1 Volume - Ongoing,False,Not rated,Not rated,0,0,0,1,0,0,0,1,0,0,0,0,0,1,0,0,0,0,0,0,0,0,0,0,0,0,0,0,0,1,0,0,0,0,0,0,2018
50,5888,6,0,,151183,Mejirobana no Saku,Manga,0,False,Hakusensha,False,Pass,Pass,False,False,Ongoing,No,NAKAMURA Asumiko,2017.0,Yes,Seven Seas,January 2021,False,10,1,0,0,0,0,0,1,0,0,0,0,0,0,0,1,0,0,0,0,0,0,1,1,0,0,0,0,1,0,0,0,0,0,0,0,0,0,2021
51,5941,9,0,,7090,Midnight Secretary,Manga,2,False,Shogakukan,False,02/04/08,06/28/09,False,False,Complete,Yes,OHMI Tomu,2006.0,Yes,Viz,7 Volumes - complete,False,8.1,1772,0,0,0,0,0,1,0,0,0,0,0,0,0,1,0,0,1,0,0,0,1,0,0,0,0,0,0,0,0,0,1,0,1,0,0,0,2013
52,6070,13,0,,18906,Mizu ga Kooru ni Naru Toki,Manga,0,False,Shogakukan,False,Pass,Pass,False,False,Complete,No,NISHI Keiko,1990,Yes,Viz,published w/Four Shojo Stories,False,Not rated,Not rated,0,0,0,0,0,1,0,0,0,0,0,0,0,1,0,0,0,0,0,0,1,0,0,0,0,0,0,0,1,0,0,0,1,0,0,0,1996
53,6174,17,0,,147743,Motokare Mania,Manga,0,False,Kodansha,False,Pass,Pass,False,False,Ongoing,No,TAKINAMI Yukari,2017,Yes,Kodansha USA,4 Vols - Ongoing; digital,False,5,2,0,0,0,1,0,0,0,0,0,0,0,0,0,1,0,0,0,0,0,0,1,0,0,0,0,0,0,0,0,1,0,0,0,0,0,0,2019
54,6277,20,0,,159288,My Broken Mariko,Manga,1,False,Kadokawa,False,01/08/20,01/26/20,False,False,Complete,Yes,HIRAKO Waka,2019.0,Yes,Yen Press,October 2020,False,8.1,28,0,0,0,0,0,1,0,0,0,0,0,0,0,1,0,0,0,0,0,1,0,0,0,0,0,0,0,0,0,0,0,0,0,1,0,0,2020
55,6356,24,0,,155432,Nagabe Tanhenshuu - Hentekona ai,Manga,0,False,Ichijinsha,False,Pass,Pass,False,False,Complete,No,Nagabe,2019.0,Yes,Seven Seas,1 Vol - Complete,False,7.8,4,0,0,0,0,0,0,0,1,0,0,0,0,0,1,0,0,0,0,1,1,0,0,0,0,0,0,0,0,0,1,0,0,1,0,0,0,2020
56,6483,2,0,,112631,Nemurime Hime,Manga,0,False,Hakusensha,False,Pass,Pass,False,False,Complete,Yes,UNITA Yumi,2014.0,Yes,Seven Seas,2 Vols - Complete,False,5.2,5,0,0,0,0,0,1,0,1,0,0,0,0,0,1,0,0,0,0,0,0,0,0,0,0,0,0,0,0,0,1,0,0,1,0,0,0,2017
57,6529,23,0,,87998,Nigeru wa Haji da ga Yaku ni Tatsu,Manga,0,True,Kodansha,False,Pass,Pass,False,False,Complete,No,UMINO Tsunami,2012,Yes,Kodansha Comics,9 Volumes; Digital,False,8.7,44,0,0,0,0,0,1,0,0,0,0,0,0,0,1,0,0,0,0,0,0,1,0,0,0,0,0,0,0,0,1,0,0,0,0,0,0,2017
58,6617,11,0,,791,Nodame Cantabile,Manga,10,True,Kodansha,False,06/15/07,07/04/20,False,False,Complete,Yes,NINOMIYA Tomoko,2001.0,Yes,"Del Rey, Kodansha USA","Defunct / 16 Vols, 25 Vols - Complete; digital",True,8.7,1414,0,0,0,1,0,1,0,0,0,0,0,0,0,1,0,0,0,0,0,0,1,0,0,0,0,0,0,0,0,1,0,0,0,0,0,0,2016
59,6800,19,0,,35602,Olimpos,Manga,1,False,Ichijinsha,False,04/12/09,06/06/10,False,False,Complete,Yes,Aki (あき),2007,Yes,Yen Press,1 Vol - Complete,False,8,336,0,0,0,0,0,1,0,1,0,0,0,0,0,1,0,0,0,0,0,1,0,0,0,0,0,0,0,0,0,0,0,0,1,0,0,0,2015
60,7060,3,0,,142479,Otome Game no Hametsu Flag shika nai Akuyaku Reijou ni Tensei shite shimatta...,Manga,3,False,Ichijinsha,False,02/13/18,07/25/20,False,False,Ongoing,No,HIDAKA Nami,2017.0,Yes,Seven Seas,3 Vols - Ongoing,True,8.5,212,0,0,0,1,0,0,0,1,0,1,0,0,0,1,0,0,0,0,0,0,1,0,0,0,0,0,0,0,0,1,0,0,0,0,0,0,2019
61,7074,17,0,,153510,Otona ni natte mo (Shimura),Manga,1,False,Kodansha,False,06/04/19,12/30/19,False,False,Ongoing,No,SHIMURA Takako,2019.0,Yes,Seven Seas,Jan 2021,False,6.5,14,0,0,0,0,0,1,0,0,0,0,0,0,0,1,0,0,0,0,0,0,1,0,0,0,0,0,0,0,0,1,0,0,0,0,0,1,2021
62,7227,21,0,,139067,Peach Girl Next,Manga,0,False,Kodansha,False,Pass,Pass,False,False,Complete,No,UEDA Miwa,2016.0,Yes,Kodansha USA,6 Vols - Ongoing; digital,False,5,6,0,0,0,0,0,0,0,0,0,0,0,0,0,1,0,0,0,0,0,0,1,0,0,0,0,0,0,0,0,0,0,0,0,0,0,0,2018
63,7474,15,0,,158921,Raise o Chikatte Tensei Shitara Taihen na Koto ni natta,Manga,1,False,Ichijinsha,False,04/19/20,04/20/20,False,False,Ongoing,No,HACHIYA Hato,2018,Yes,Seven Seas,,False,9.3,7,0,0,0,0,0,0,0,0,0,0,0,0,0,1,0,0,0,0,0,0,1,0,0,0,0,0,0,0,0,1,0,0,1,0,0,0,2020
64,7581,22,0,,11739,Renai Crown,Manga,0,False,Shueisha,False,Pass,Pass,False,False,Complete,No,KOUGA Yun,1998,Yes,Viz,4 Volumes - Complete,False,7.7,12,0,0,0,0,0,1,0,0,0,0,0,0,0,1,0,0,0,0,0,0,1,0,0,0,0,0,0,0,0,0,0,0,0,0,0,0,2010
65,8061,3,0,,149330,Seiri-chan,Manga,0,True,Enterbrain,False,Pass,Pass,False,False,Ongoing,No,KOYAMA Ken,2017,Yes,Yen Press,2 Vols - Ongoing,False,7.5,3,0,0,0,1,0,0,0,1,0,0,0,0,0,1,0,0,0,0,0,0,0,0,0,0,0,0,0,0,0,1,0,0,0,0,0,0,2019
66,8094,11,0,,151158,Sekai no Owari to Majo no Koi,Manga,1,False,ASCII Media Works,False,12/07/19,02/12/20,False,False,Ongoing,No,KUJIRA,2018,Yes,Yen Press,November 2020,False,7.4,7,0,0,0,0,0,0,0,1,0,0,0,0,0,1,0,0,0,0,0,0,1,1,0,0,0,0,1,0,0,0,0,0,0,0,0,0,2020
67,8126,18,0,,113420,Sennen Meikyuu no Nana Ouji,Manga,2,False,Ichijinsha,False,06/01/15,09/16/16,False,False,Complete,Yes,ATORI Haruno,2014,Yes,Seven Seas,4 Volumes - Complete,False,8,61,1,0,0,0,0,1,0,1,0,0,0,0,0,1,0,0,0,0,1,0,0,0,0,0,0,0,0,0,0,0,0,0,0,0,0,0,2016
68,8443,11,0,,148376,Shoujo Kakume Utena: After The Revolution,Manga,0,False,Shogakukan,False,Pass,Pass,False,False,Complete,No,SAITOU Chiho,2018,Yes,Viz,October 2020; print,False,Not rated,Not rated,0,0,0,0,0,1,0,1,0,0,0,0,0,1,0,0,0,0,1,0,1,0,0,0,0,0,1,0,0,0,0,0,0,0,0,0,2020
69,8467,10,0,,52800,Shouwa Genroku Rakugo Shinjuu,Manga,1,True,Kodansha,False,07/12/16,10/25/16,False,False,Complete,Yes,KUMOTA Haruko,2010,Yes,Kodansha Comics,10 Vols - Complete,True,9.1,33,0,0,0,1,0,1,0,0,0,0,0,1,0,1,0,0,0,0,0,0,1,0,0,0,0,0,0,0,0,1,0,0,0,0,0,0,2017
70,8484,2,0,,127217,Shussan no Shikata ga Wakaranai!,Manga,0,False,Media Factory,False,Pass,Pass,False,False,Complete,No,KAZAMA Ayami,2016,Yes,Yen Press,1 Vol - Complete,False,Not rated,Not rated,0,0,0,1,0,0,0,0,0,0,0,0,0,1,0,0,0,0,0,0,0,0,0,0,0,0,0,0,0,0,0,0,0,0,0,0,2020
71,8588,6,0,,43959,Sojou no Koi wa Nido Haneru,Manga,1,False,Shogakukan,False,05/22/09,10/31/09,False,False,Complete,Yes,MIZUSHIRO Setona,2009.0,Yes,Seven Seas,1 Vol - Complete,False,8.7,900,0,1,0,0,0,1,0,0,0,0,0,0,0,1,0,0,0,0,0,0,1,0,0,0,0,0,0,0,0,1,0,0,0,0,1,0,2020
72,8665,8,0,,112853,SP x Baby,Manga,1,False,Shogakukan,False,09/16/14,02/19/17,False,False,Complete,Yes,ENJOUJI Maki,2014.0,Yes,Viz,2 Volumes - Complete,False,7.5,140,0,0,0,1,0,1,0,0,0,0,0,0,0,1,0,0,0,0,0,0,1,0,0,0,0,0,0,0,0,1,0,0,0,0,0,0,2017
73,8797,15,0,,149370,Sue to Tai-chan,Manga,0,False,Kodansha,False,Pass,Pass,False,False,Ongoing,No,KONAMI Kanata,2017,Yes,Kodansha Comics,1 Volume - Ongoing; digital l Sep 15 print,False,Not rated,Not rated,0,0,0,1,0,0,0,0,0,0,0,0,0,1,0,0,0,0,0,0,0,0,0,0,0,0,0,0,0,1,0,0,0,0,0,0,2020
74,9002,20,0,,118423,Tales of Zestiria - Michibiki no Koku,Manga,1,False,Ichijinsha,False,04/07/15,10/25/15,False,False,Complete,No,Shiramine,2015,Yes,Seven Seas,4 Vols - Complete,False,8.5,17,1,0,1,0,0,1,0,1,0,0,0,0,0,1,0,0,0,0,0,0,0,0,0,0,0,0,0,0,0,0,0,0,0,0,0,0,2016
75,9533,1,0,,5676,Tokyo Alice,Manga,2,False,Kodansha,False,11/22/09,05/03/15,False,False,Complete,No,CHIYA Toriko,2006.0,Yes,Kodansha USA,15 Vols - Complete; digital,False,8.2,80,0,0,0,1,0,1,0,0,0,0,0,0,0,1,0,0,0,0,0,0,1,0,0,0,0,0,0,0,0,1,0,0,0,0,0,0,2018
76,9537,5,0,,169827,Tokyo Fashion: A Comic Book,Manga,0,False,,False,Pass,Pass,False,False,Unknown,No,Add,,Yes,Viz,February 2021,False,Not rated,Not rated,0,0,0,0,0,0,0,0,0,0,0,0,0,1,0,0,0,0,0,0,0,0,0,0,0,0,0,0,0,0,0,0,0,0,0,0,2021
77,9645,13,0,,109257,"Totsuzen desu ga, Ashita Kekkon shimasu",Manga,4,False,Shogakukan,False,02/20/15,12/06/18,False,False,Complete,Yes,MIYAZONO Izumi,2014,Yes,Viz,9 Vols - Complete,False,8.5,146,0,0,0,1,0,1,0,0,0,0,0,0,0,1,0,0,0,0,0,0,1,0,0,0,0,0,0,0,0,1,0,0,0,0,0,0,2016
